identifier,actIdentifier,issued,customerName,orderIdentifier,orderDate,orderContractorLegalName,orderContractorIdentifier,addressCountry,addressRegion,addressLocality,streetAddress,locationDescription,latitude,longitude,itemSpecies,itemQuantityPlan,itemQuantityFact,itemQuantityLeft,reportIdentifier,reportDate,status,,,,,,,,,,,,,,,,,,,,,,,,,,,,,,,,,,,,,,,,,,,,,,,,,,,,,,,,,,,,,,,,,,,,,,,,,,,,,,,,,,,,,,,,,,,,,,,,,,,,,,,,,,,,,,,,,,,,,,,,,,,,,,,,,,,,,,,,,,,,,,,,,,,,,,,,,,,,,,,,,,,,,,,,,,,,,,,,,,,,,,,,,,,,,,,,,,,,,,,,,,,,,,,,,,,,,,,,,,,,,,,,,,,,,,,,,,
00-219,00-0001,2018-12-18,Департамент міського господарства,219,2018-12-18,КП “Комбінат міського господарства”,32300054,Україна,Львівська,Дрогобич,вул. 22 січня,Кладовище,49.377616,23.512936,Береза,1,1,0,04.01.2019,2018,Замовлення виконано підрядником,,,,,,,,,,,,,,,,,,,,,,,,,,,,,,,,,,,,,,,,,,,,,,,,,,,,,,,,,,,,,,,,,,,,,,,,,,,,,,,,,,,,,,,,,,,,,,,,,,,,,,,,,,,,,,,,,,,,,,,,,,,,,,,,,,,,,,,,,,,,,,,,,,,,,,,,,,,,,,,,,,,,,,,,,,,,,,,,,,,,,,,,,,,,,,,,,,,,,,,,,,,,,,,,,,,,,,,,,,,,,,,,,,,,,,,,,,
00-216,00-0002,2018-12-14,Департамент міського господарства,216,2018-12-14,КП “Управитель ЖЕО”,20790524,Україна,Львівська,Дрогобич,вул. Театральна. 2,На початку вул.Лепкого,49.350778,23.508931,null,1,1,0,29.12.2018,2018,Надіслано на виконання підрядником,,,,,,,,,,,,,,,,,,,,,,,,,,,,,,,,,,,,,,,,,,,,,,,,,,,,,,,,,,,,,,,,,,,,,,,,,,,,,,,,,,,,,,,,,,,,,,,,,,,,,,,,,,,,,,,,,,,,,,,,,,,,,,,,,,,,,,,,,,,,,,,,,,,,,,,,,,,,,,,,,,,,,,,,,,,,,,,,,,,,,,,,,,,,,,,,,,,,,,,,,,,,,,,,,,,,,,,,,,,,,,,,,,,,,,,,,,
00-216,00-0003,2018-12-14,Департамент міського господарства,216,2018-12-14,КП “Управитель ЖЕО”,20790524,Україна,Львівська,Дрогобич,вул. С.Стрільців. 26,null,49.352983,23.498001,Береза,1,1,0,29.12.2018,2018,Надіслано на виконання підрядником,,,,,,,,,,,,,,,,,,,,,,,,,,,,,,,,,,,,,,,,,,,,,,,,,,,,,,,,,,,,,,,,,,,,,,,,,,,,,,,,,,,,,,,,,,,,,,,,,,,,,,,,,,,,,,,,,,,,,,,,,,,,,,,,,,,,,,,,,,,,,,,,,,,,,,,,,,,,,,,,,,,,,,,,,,,,,,,,,,,,,,,,,,,,,,,,,,,,,,,,,,,,,,,,,,,,,,,,,,,,,,,,,,,,,,,,,,
00-216,00-0004,2018-12-14,Департамент міського господарства,216,2018-12-14,КП “Управитель ЖЕО”,20790524,Україна,Львівська,Дрогобич,вул. В.Великого. 24,null,49.356718,23.515964,Черешня,1,1,0,29.12.2018,2018,Надіслано на виконання підрядником,,,,,,,,,,,,,,,,,,,,,,,,,,,,,,,,,,,,,,,,,,,,,,,,,,,,,,,,,,,,,,,,,,,,,,,,,,,,,,,,,,,,,,,,,,,,,,,,,,,,,,,,,,,,,,,,,,,,,,,,,,,,,,,,,,,,,,,,,,,,,,,,,,,,,,,,,,,,,,,,,,,,,,,,,,,,,,,,,,,,,,,,,,,,,,,,,,,,,,,,,,,,,,,,,,,,,,,,,,,,,,,,,,,,,,,,,,
00-216,00-0005,2018-12-14,Департамент міського господарства,216,2018-12-14,КП “Управитель ЖЕО”,20790524,Україна,Львівська,Дрогобич,вул. Чмоли. 12,null,49.357274,23.505868,Яблуня,1,1,0,29.12.2018,2018,Надіслано на виконання підрядником,,,,,,,,,,,,,,,,,,,,,,,,,,,,,,,,,,,,,,,,,,,,,,,,,,,,,,,,,,,,,,,,,,,,,,,,,,,,,,,,,,,,,,,,,,,,,,,,,,,,,,,,,,,,,,,,,,,,,,,,,,,,,,,,,,,,,,,,,,,,,,,,,,,,,,,,,,,,,,,,,,,,,,,,,,,,,,,,,,,,,,,,,,,,,,,,,,,,,,,,,,,,,,,,,,,,,,,,,,,,,,,,,,,,,,,,,,
00-216,00-0006,2018-12-14,Департамент міського господарства,216,2018-12-14,КП “Управитель ЖЕО”,20790524,Україна,Львівська,Дрогобич,вул. П.Орлика,Поворот до ДМЦЗ,49.366375,23.514470,null,1,1,0,29.12.2018,2018,Надіслано на виконання підрядником,,,,,,,,,,,,,,,,,,,,,,,,,,,,,,,,,,,,,,,,,,,,,,,,,,,,,,,,,,,,,,,,,,,,,,,,,,,,,,,,,,,,,,,,,,,,,,,,,,,,,,,,,,,,,,,,,,,,,,,,,,,,,,,,,,,,,,,,,,,,,,,,,,,,,,,,,,,,,,,,,,,,,,,,,,,,,,,,,,,,,,,,,,,,,,,,,,,,,,,,,,,,,,,,,,,,,,,,,,,,,,,,,,,,,,,,,,
00-216,00-0007,2018-12-14,Департамент міського господарства,216,2018-12-14,КП “Управитель ЖЕО”,20790524,Україна,Львівська,Дрогобич,вул. Нижанківського,null,49.354985,23.504945,null,3,3,0,29.12.2018,2018,Надіслано на виконання підрядником,,,,,,,,,,,,,,,,,,,,,,,,,,,,,,,,,,,,,,,,,,,,,,,,,,,,,,,,,,,,,,,,,,,,,,,,,,,,,,,,,,,,,,,,,,,,,,,,,,,,,,,,,,,,,,,,,,,,,,,,,,,,,,,,,,,,,,,,,,,,,,,,,,,,,,,,,,,,,,,,,,,,,,,,,,,,,,,,,,,,,,,,,,,,,,,,,,,,,,,,,,,,,,,,,,,,,,,,,,,,,,,,,,,,,,,,,,
00-58-р,00-0008,2018-1-30,Дрогобицька міська рада,58-р,2018-1-30,Н. Броварський,,Україна,Львівська,Дрогобич,вул.Рихтицька,null,49.356313,23.543293,Ясень,1,,,,,Дозволено розпорядженням міського голови,,,,,,,,,,,,,,,,,,,,,,,,,,,,,,,,,,,,,,,,,,,,,,,,,,,,,,,,,,,,,,,,,,,,,,,,,,,,,,,,,,,,,,,,,,,,,,,,,,,,,,,,,,,,,,,,,,,,,,,,,,,,,,,,,,,,,,,,,,,,,,,,,,,,,,,,,,,,,,,,,,,,,,,,,,,,,,,,,,,,,,,,,,,,,,,,,,,,,,,,,,,,,,,,,,,,,,,,,,,,,,,,,,,,,,,,,,
00-58-р,00-0009,2018-1-30,Дрогобицька міська рада,58-р,2018-1-30,Л. Калапунь ,,Україна,Львівська,Дрогобич,вул. В.Великого. 42.,null,49.355443,23.523380,Клен,1,,,,,Дозволено розпорядженням міського голови,,,,,,,,,,,,,,,,,,,,,,,,,,,,,,,,,,,,,,,,,,,,,,,,,,,,,,,,,,,,,,,,,,,,,,,,,,,,,,,,,,,,,,,,,,,,,,,,,,,,,,,,,,,,,,,,,,,,,,,,,,,,,,,,,,,,,,,,,,,,,,,,,,,,,,,,,,,,,,,,,,,,,,,,,,,,,,,,,,,,,,,,,,,,,,,,,,,,,,,,,,,,,,,,,,,,,,,,,,,,,,,,,,,,,,,,,,
00-58-р,00-0010,2018-1-30,Дрогобицька міська рада,58-р,2018-1-30,І. Лукавський,,Україна,Львівська,Дрогобич,вул. П.Орлика,null,49.370441,23.515731,Черешня,2,,,,,Дозволено розпорядженням міського голови,,,,,,,,,,,,,,,,,,,,,,,,,,,,,,,,,,,,,,,,,,,,,,,,,,,,,,,,,,,,,,,,,,,,,,,,,,,,,,,,,,,,,,,,,,,,,,,,,,,,,,,,,,,,,,,,,,,,,,,,,,,,,,,,,,,,,,,,,,,,,,,,,,,,,,,,,,,,,,,,,,,,,,,,,,,,,,,,,,,,,,,,,,,,,,,,,,,,,,,,,,,,,,,,,,,,,,,,,,,,,,,,,,,,,,,,,,
00-58-р,00-0011,2018-1-30,Дрогобицька міська рада,58-р,2018-1-30,А. Колодій ,,Україна,Львівська,Дрогобич,вул. Чапельського. 3.,null,49.355915,23.536196,Черешня,3,,,,,Дозволено розпорядженням міського голови,,,,,,,,,,,,,,,,,,,,,,,,,,,,,,,,,,,,,,,,,,,,,,,,,,,,,,,,,,,,,,,,,,,,,,,,,,,,,,,,,,,,,,,,,,,,,,,,,,,,,,,,,,,,,,,,,,,,,,,,,,,,,,,,,,,,,,,,,,,,,,,,,,,,,,,,,,,,,,,,,,,,,,,,,,,,,,,,,,,,,,,,,,,,,,,,,,,,,,,,,,,,,,,,,,,,,,,,,,,,,,,,,,,,,,,,,,
00-58-р,00-0012,2018-1-30,Дрогобицька міська рада,58-р,2018-1-30,А. Колодій ,,Україна,Львівська,Дрогобич,вул. Чапельського. 3.,null,49.355743,23.536255,Алича,2,,,,,Дозволено розпорядженням міського голови,,,,,,,,,,,,,,,,,,,,,,,,,,,,,,,,,,,,,,,,,,,,,,,,,,,,,,,,,,,,,,,,,,,,,,,,,,,,,,,,,,,,,,,,,,,,,,,,,,,,,,,,,,,,,,,,,,,,,,,,,,,,,,,,,,,,,,,,,,,,,,,,,,,,,,,,,,,,,,,,,,,,,,,,,,,,,,,,,,,,,,,,,,,,,,,,,,,,,,,,,,,,,,,,,,,,,,,,,,,,,,,,,,,,,,,,,,
00-58-р,00-0013,2018-1-30,Дрогобицька міська рада,58-р,2018-1-30,Я. Баковський,,Україна,Львівська,Дрогобич,пров. Зелений. 5.,null,49.355478,23.496537,Липа,2,,,,,Дозволено розпорядженням міського голови,,,,,,,,,,,,,,,,,,,,,,,,,,,,,,,,,,,,,,,,,,,,,,,,,,,,,,,,,,,,,,,,,,,,,,,,,,,,,,,,,,,,,,,,,,,,,,,,,,,,,,,,,,,,,,,,,,,,,,,,,,,,,,,,,,,,,,,,,,,,,,,,,,,,,,,,,,,,,,,,,,,,,,,,,,,,,,,,,,,,,,,,,,,,,,,,,,,,,,,,,,,,,,,,,,,,,,,,,,,,,,,,,,,,,,,,,,
00-58-р,00-0014,2018-1-30,Дрогобицька міська рада,58-р,2018-1-30,ДСНС,08797297,Україна,Львівська,Дрогобич,вул. Тарнавського. 37,null,49.354031,23.494960,Яина,2,,,,,Дозволено розпорядженням міського голови,,,,,,,,,,,,,,,,,,,,,,,,,,,,,,,,,,,,,,,,,,,,,,,,,,,,,,,,,,,,,,,,,,,,,,,,,,,,,,,,,,,,,,,,,,,,,,,,,,,,,,,,,,,,,,,,,,,,,,,,,,,,,,,,,,,,,,,,,,,,,,,,,,,,,,,,,,,,,,,,,,,,,,,,,,,,,,,,,,,,,,,,,,,,,,,,,,,,,,,,,,,,,,,,,,,,,,,,,,,,,,,,,,,,,,,,,,
00-58-р,00-0015,2018-1-30,Дрогобицька міська рада,58-р,2018-1-30,ДСНС,08797297,Україна,Львівська,Дрогобич,вул. Тарнавського. 37,null,23.494858,49.353958,Береза,1,,,,,Дозволено розпорядженням міського голови,,,,,,,,,,,,,,,,,,,,,,,,,,,,,,,,,,,,,,,,,,,,,,,,,,,,,,,,,,,,,,,,,,,,,,,,,,,,,,,,,,,,,,,,,,,,,,,,,,,,,,,,,,,,,,,,,,,,,,,,,,,,,,,,,,,,,,,,,,,,,,,,,,,,,,,,,,,,,,,,,,,,,,,,,,,,,,,,,,,,,,,,,,,,,,,,,,,,,,,,,,,,,,,,,,,,,,,,,,,,,,,,,,,,,,,,,,
00-58-р,00-0016,2018-1-30,Дрогобицька міська рада,58-р,2018-1-30,Відділу освіти ,02144660,Україна,Львівська,Дрогобич,вул. Самбірська. 70,null,49.364740,23.494799,Верба,2,,,,,Дозволено розпорядженням міського голови,,,,,,,,,,,,,,,,,,,,,,,,,,,,,,,,,,,,,,,,,,,,,,,,,,,,,,,,,,,,,,,,,,,,,,,,,,,,,,,,,,,,,,,,,,,,,,,,,,,,,,,,,,,,,,,,,,,,,,,,,,,,,,,,,,,,,,,,,,,,,,,,,,,,,,,,,,,,,,,,,,,,,,,,,,,,,,,,,,,,,,,,,,,,,,,,,,,,,,,,,,,,,,,,,,,,,,,,,,,,,,,,,,,,,,,,,,
00-58-р,00-0017,2018-1-30,Дрогобицька міська рада,58-р,2018-1-30,КП “Управитель ЖЕО”,20790524,Україна,Львівська,Дрогобич,вул. Г.Брама. 148,null,49.347116,23.480256,Вишня,1,,,,,Дозволено розпорядженням міського голови,,,,,,,,,,,,,,,,,,,,,,,,,,,,,,,,,,,,,,,,,,,,,,,,,,,,,,,,,,,,,,,,,,,,,,,,,,,,,,,,,,,,,,,,,,,,,,,,,,,,,,,,,,,,,,,,,,,,,,,,,,,,,,,,,,,,,,,,,,,,,,,,,,,,,,,,,,,,,,,,,,,,,,,,,,,,,,,,,,,,,,,,,,,,,,,,,,,,,,,,,,,,,,,,,,,,,,,,,,,,,,,,,,,,,,,,,,
00-58-р,00-0018,2018-1-30,Дрогобицька міська рада,58-р,2018-1-30,КП “Управитель ЖЕО”,20790524,Україна,Львівська,Дрогобич,вул. Коновальця. 7/2,null,49.359880,23.531910,Верба,1,,,,,Дозволено розпорядженням міського голови,,,,,,,,,,,,,,,,,,,,,,,,,,,,,,,,,,,,,,,,,,,,,,,,,,,,,,,,,,,,,,,,,,,,,,,,,,,,,,,,,,,,,,,,,,,,,,,,,,,,,,,,,,,,,,,,,,,,,,,,,,,,,,,,,,,,,,,,,,,,,,,,,,,,,,,,,,,,,,,,,,,,,,,,,,,,,,,,,,,,,,,,,,,,,,,,,,,,,,,,,,,,,,,,,,,,,,,,,,,,,,,,,,,,,,,,,,
00-58-р,00-0019,2018-1-30,Дрогобицька міська рада,58-р,2018-1-30,КП “Управитель ЖЕО”,20790524,Україна,Львівська,Дрогобич,вул. Самбірська. 102,null,49.363650,23.493710,Верба,1,,,,,Дозволено розпорядженням міського голови,,,,,,,,,,,,,,,,,,,,,,,,,,,,,,,,,,,,,,,,,,,,,,,,,,,,,,,,,,,,,,,,,,,,,,,,,,,,,,,,,,,,,,,,,,,,,,,,,,,,,,,,,,,,,,,,,,,,,,,,,,,,,,,,,,,,,,,,,,,,,,,,,,,,,,,,,,,,,,,,,,,,,,,,,,,,,,,,,,,,,,,,,,,,,,,,,,,,,,,,,,,,,,,,,,,,,,,,,,,,,,,,,,,,,,,,,,
00-58-р,00-0020,2018-1-30,Дрогобицька міська рада,58-р,2018-1-30,КП “Управитель ЖЕО”,20790524,Україна,Львівська,Дрогобич,вул. Нижанківського. 5,null,49.354776,23.504814,Ясень,1,,,,,Дозволено розпорядженням міського голови,,,,,,,,,,,,,,,,,,,,,,,,,,,,,,,,,,,,,,,,,,,,,,,,,,,,,,,,,,,,,,,,,,,,,,,,,,,,,,,,,,,,,,,,,,,,,,,,,,,,,,,,,,,,,,,,,,,,,,,,,,,,,,,,,,,,,,,,,,,,,,,,,,,,,,,,,,,,,,,,,,,,,,,,,,,,,,,,,,,,,,,,,,,,,,,,,,,,,,,,,,,,,,,,,,,,,,,,,,,,,,,,,,,,,,,,,,
00-58-р,00-0021,2018-1-30,Дрогобицька міська рада,58-р,2018-1-30,КП “Управитель ЖЕО”,20790524,Україна,Львівська,Дрогобич,вул. В.Великого. 15,null,49.357173,23.531818,Верба,2,,,,,Дозволено розпорядженням міського голови,,,,,,,,,,,,,,,,,,,,,,,,,,,,,,,,,,,,,,,,,,,,,,,,,,,,,,,,,,,,,,,,,,,,,,,,,,,,,,,,,,,,,,,,,,,,,,,,,,,,,,,,,,,,,,,,,,,,,,,,,,,,,,,,,,,,,,,,,,,,,,,,,,,,,,,,,,,,,,,,,,,,,,,,,,,,,,,,,,,,,,,,,,,,,,,,,,,,,,,,,,,,,,,,,,,,,,,,,,,,,,,,,,,,,,,,,,
00-58-р,00-0022,2018-1-30,Дрогобицька міська рада,58-р,2018-1-30,КП “Управитель ЖЕО”,20790524,Україна,Львівська,Дрогобич,вул. Стрийська. 179,null,49.351903,23.527929,Верба,5,,,,,Дозволено розпорядженням міського голови,,,,,,,,,,,,,,,,,,,,,,,,,,,,,,,,,,,,,,,,,,,,,,,,,,,,,,,,,,,,,,,,,,,,,,,,,,,,,,,,,,,,,,,,,,,,,,,,,,,,,,,,,,,,,,,,,,,,,,,,,,,,,,,,,,,,,,,,,,,,,,,,,,,,,,,,,,,,,,,,,,,,,,,,,,,,,,,,,,,,,,,,,,,,,,,,,,,,,,,,,,,,,,,,,,,,,,,,,,,,,,,,,,,,,,,,,,
00-58-р,00-0023,2018-1-30,Дрогобицька міська рада,58-р,2018-1-30,КП “Управитель ЖЕО”,20790524,Україна,Львівська,Дрогобич,вул. Млинарська. 2,null,49.351337,23.529244,Ясень,1,,,,,Дозволено розпорядженням міського голови,,,,,,,,,,,,,,,,,,,,,,,,,,,,,,,,,,,,,,,,,,,,,,,,,,,,,,,,,,,,,,,,,,,,,,,,,,,,,,,,,,,,,,,,,,,,,,,,,,,,,,,,,,,,,,,,,,,,,,,,,,,,,,,,,,,,,,,,,,,,,,,,,,,,,,,,,,,,,,,,,,,,,,,,,,,,,,,,,,,,,,,,,,,,,,,,,,,,,,,,,,,,,,,,,,,,,,,,,,,,,,,,,,,,,,,,,,
00-58-р,00-0024,2018-1-30,Дрогобицька міська рада,58-р,2018-1-30,КП “Управитель ЖЕО”,20790524,Україна,Львівська,Дрогобич,вул. Грушевського. 10,null,49.353853,23.514524,Ясень,1,,,,,Дозволено розпорядженням міського голови,,,,,,,,,,,,,,,,,,,,,,,,,,,,,,,,,,,,,,,,,,,,,,,,,,,,,,,,,,,,,,,,,,,,,,,,,,,,,,,,,,,,,,,,,,,,,,,,,,,,,,,,,,,,,,,,,,,,,,,,,,,,,,,,,,,,,,,,,,,,,,,,,,,,,,,,,,,,,,,,,,,,,,,,,,,,,,,,,,,,,,,,,,,,,,,,,,,,,,,,,,,,,,,,,,,,,,,,,,,,,,,,,,,,,,,,,,
00-58-р,00-0025,2018-1-30,Дрогобицька міська рада,58-р,2018-1-30,КП “Управитель ЖЕО”,20790524,Україна,Львівська,Дрогобич,вул. Міцкевича. 11,null,49.351494,23.501531,Алича,3,,,,,Дозволено розпорядженням міського голови,,,,,,,,,,,,,,,,,,,,,,,,,,,,,,,,,,,,,,,,,,,,,,,,,,,,,,,,,,,,,,,,,,,,,,,,,,,,,,,,,,,,,,,,,,,,,,,,,,,,,,,,,,,,,,,,,,,,,,,,,,,,,,,,,,,,,,,,,,,,,,,,,,,,,,,,,,,,,,,,,,,,,,,,,,,,,,,,,,,,,,,,,,,,,,,,,,,,,,,,,,,,,,,,,,,,,,,,,,,,,,,,,,,,,,,,,,
00-58-р,00-0026,2018-1-30,Дрогобицька міська рада,58-р,2018-1-30,КП “Управитель ЖЕО”,20790524,Україна,Львівська,Дрогобич,вул. Симоненка. 21-23,null,49.356432,23.557943,Тополя,5,,,,,Дозволено розпорядженням міського голови,,,,,,,,,,,,,,,,,,,,,,,,,,,,,,,,,,,,,,,,,,,,,,,,,,,,,,,,,,,,,,,,,,,,,,,,,,,,,,,,,,,,,,,,,,,,,,,,,,,,,,,,,,,,,,,,,,,,,,,,,,,,,,,,,,,,,,,,,,,,,,,,,,,,,,,,,,,,,,,,,,,,,,,,,,,,,,,,,,,,,,,,,,,,,,,,,,,,,,,,,,,,,,,,,,,,,,,,,,,,,,,,,,,,,,,,,,
00-58-р,00-0027,2018-1-30,Дрогобицька міська рада,58-р,2018-1-30,КП “Управитель ЖЕО”,20790524,Україна,Львівська,Дрогобич,вул. Трускавецька. 79,null,49.327649,23.515103,Дуб,6,,,,,Дозволено розпорядженням міського голови,,,,,,,,,,,,,,,,,,,,,,,,,,,,,,,,,,,,,,,,,,,,,,,,,,,,,,,,,,,,,,,,,,,,,,,,,,,,,,,,,,,,,,,,,,,,,,,,,,,,,,,,,,,,,,,,,,,,,,,,,,,,,,,,,,,,,,,,,,,,,,,,,,,,,,,,,,,,,,,,,,,,,,,,,,,,,,,,,,,,,,,,,,,,,,,,,,,,,,,,,,,,,,,,,,,,,,,,,,,,,,,,,,,,,,,,,,
00-58-р,00-0028,2018-1-30,Дрогобицька міська рада,58-р,2018-1-30,КП “Управитель ЖЕО”,20790524,Україна,Львівська,Дрогобич,вул. Тарнавського. 14,null,49.353832,23.496145,Горіх,1,,,,,Дозволено розпорядженням міського голови,,,,,,,,,,,,,,,,,,,,,,,,,,,,,,,,,,,,,,,,,,,,,,,,,,,,,,,,,,,,,,,,,,,,,,,,,,,,,,,,,,,,,,,,,,,,,,,,,,,,,,,,,,,,,,,,,,,,,,,,,,,,,,,,,,,,,,,,,,,,,,,,,,,,,,,,,,,,,,,,,,,,,,,,,,,,,,,,,,,,,,,,,,,,,,,,,,,,,,,,,,,,,,,,,,,,,,,,,,,,,,,,,,,,,,,,,,
00-58-р,00-0029,2018-1-30,Дрогобицька міська рада,58-р,2018-1-30,КП “Управитель ЖЕО”,20790524,Україна,Львівська,Дрогобич,вул. Кн. Ольги. 4.,null,49.355747,23.514958,Дуб,1,,,,,Дозволено розпорядженням міського голови,,,,,,,,,,,,,,,,,,,,,,,,,,,,,,,,,,,,,,,,,,,,,,,,,,,,,,,,,,,,,,,,,,,,,,,,,,,,,,,,,,,,,,,,,,,,,,,,,,,,,,,,,,,,,,,,,,,,,,,,,,,,,,,,,,,,,,,,,,,,,,,,,,,,,,,,,,,,,,,,,,,,,,,,,,,,,,,,,,,,,,,,,,,,,,,,,,,,,,,,,,,,,,,,,,,,,,,,,,,,,,,,,,,,,,,,,,
00-58-р,00-0030,2019-12-4,Дрогобицька міська рада,58-р,2019-12-4,КП “Управитель ЖЕО”,20790524,Україна,Львівська,Дрогобич,вул.Війтівська Гора.108,null,49.34763,23.51675,Ялина,1,1,0,10.10.2019,2019,Дозволено розпорядженням міського голови,,,,,,,,,,,,,,,,,,,,,,,,,,,,,,,,,,,,,,,,,,,,,,,,,,,,,,,,,,,,,,,,,,,,,,,,,,,,,,,,,,,,,,,,,,,,,,,,,,,,,,,,,,,,,,,,,,,,,,,,,,,,,,,,,,,,,,,,,,,,,,,,,,,,,,,,,,,,,,,,,,,,,,,,,,,,,,,,,,,,,,,,,,,,,,,,,,,,,,,,,,,,,,,,,,,,,,,,,,,,,,,,,,,,,,,,,,
00-58-р,00-0031,2019-12-4,Дрогобицька міська рада,58-р,2019-10-7,КП “Управитель ЖЕО”,20790524,Україна,Львівська,Дрогобич,вул.Трускавецька. 97,null,49.32026,23.51267,Ясень,1,1,0,10.10.2019,2019,Дозволено розпорядженням міського голови,,,,,,,,,,,,,,,,,,,,,,,,,,,,,,,,,,,,,,,,,,,,,,,,,,,,,,,,,,,,,,,,,,,,,,,,,,,,,,,,,,,,,,,,,,,,,,,,,,,,,,,,,,,,,,,,,,,,,,,,,,,,,,,,,,,,,,,,,,,,,,,,,,,,,,,,,,,,,,,,,,,,,,,,,,,,,,,,,,,,,,,,,,,,,,,,,,,,,,,,,,,,,,,,,,,,,,,,,,,,,,,,,,,,,,,,,,
00-58-р,00-0032,2019-12-4,Дрогобицька міська рада,58-р,            2019-12-4,КП “Управитель ЖЕО”,20790524,Україна,Львівська,Дрогобич,вул.Лисенка,null,49.3541,23.50716,Тополя,3,3,0,10.10.2019,2019,Дозволено розпорядженням міського голови,,,,,,,,,,,,,,,,,,,,,,,,,,,,,,,,,,,,,,,,,,,,,,,,,,,,,,,,,,,,,,,,,,,,,,,,,,,,,,,,,,,,,,,,,,,,,,,,,,,,,,,,,,,,,,,,,,,,,,,,,,,,,,,,,,,,,,,,,,,,,,,,,,,,,,,,,,,,,,,,,,,,,,,,,,,,,,,,,,,,,,,,,,,,,,,,,,,,,,,,,,,,,,,,,,,,,,,,,,,,,,,,,,,,,,,,,,
00-58-р,00-0033,2019-12-4,Дрогобицька міська рада,58-р,           2019-10-24,КП “Управитель ЖЕО”,20790524,Україна,Львівська,Дрогобич,вул. Трускавецька,біля виправної колонії,49.32828,23.51524,Ясень,2,2,0,10.10.2019,2019,Дозволено розпорядженням міського голови,,,,,,,,,,,,,,,,,,,,,,,,,,,,,,,,,,,,,,,,,,,,,,,,,,,,,,,,,,,,,,,,,,,,,,,,,,,,,,,,,,,,,,,,,,,,,,,,,,,,,,,,,,,,,,,,,,,,,,,,,,,,,,,,,,,,,,,,,,,,,,,,,,,,,,,,,,,,,,,,,,,,,,,,,,,,,,,,,,,,,,,,,,,,,,,,,,,,,,,,,,,,,,,,,,,,,,,,,,,,,,,,,,,,,,,,,,
00-58-р,00-0034,2019-12-4,Дрогобицька міська рада,58-р,2019-12-4,КП “Управитель ЖЕО”,20790524,Україна,Львівська,Дрогобич,вул.Грушевського 95/1,null,49.35409,23.53358,Верба,1,1,0,10.10.2019,2019,Дозволено розпорядженням міського голови,,,,,,,,,,,,,,,,,,,,,,,,,,,,,,,,,,,,,,,,,,,,,,,,,,,,,,,,,,,,,,,,,,,,,,,,,,,,,,,,,,,,,,,,,,,,,,,,,,,,,,,,,,,,,,,,,,,,,,,,,,,,,,,,,,,,,,,,,,,,,,,,,,,,,,,,,,,,,,,,,,,,,,,,,,,,,,,,,,,,,,,,,,,,,,,,,,,,,,,,,,,,,,,,,,,,,,,,,,,,,,,,,,,,,,,,,,
00-58-р,00-0035,2019-12-4,Дрогобицька міська рада,58-р,2019-12-4,КП “Управитель ЖЕО”,20790524,Україна,Львівська,Дрогобич,вул.Грушевського 117,null,49.35600,23.54223,Горіх,4,4,0,10.10.2019,2019,Дозволено розпорядженням міського голови,,,,,,,,,,,,,,,,,,,,,,,,,,,,,,,,,,,,,,,,,,,,,,,,,,,,,,,,,,,,,,,,,,,,,,,,,,,,,,,,,,,,,,,,,,,,,,,,,,,,,,,,,,,,,,,,,,,,,,,,,,,,,,,,,,,,,,,,,,,,,,,,,,,,,,,,,,,,,,,,,,,,,,,,,,,,,,,,,,,,,,,,,,,,,,,,,,,,,,,,,,,,,,,,,,,,,,,,,,,,,,,,,,,,,,,,,,
00-58-р,00-0036,2019-12-4,Дрогобицька міська рада,58-р,2019-12-4,КП “Управитель ЖЕО”,20790524,Україна,Львівська,Дрогобич,вул.Січових Стрільців,навпроти памятника,49.35559,23.49745,Ясень,1,1,0,10.10.2019,2019,Дозволено розпорядженням міського голови,,,,,,,,,,,,,,,,,,,,,,,,,,,,,,,,,,,,,,,,,,,,,,,,,,,,,,,,,,,,,,,,,,,,,,,,,,,,,,,,,,,,,,,,,,,,,,,,,,,,,,,,,,,,,,,,,,,,,,,,,,,,,,,,,,,,,,,,,,,,,,,,,,,,,,,,,,,,,,,,,,,,,,,,,,,,,,,,,,,,,,,,,,,,,,,,,,,,,,,,,,,,,,,,,,,,,,,,,,,,,,,,,,,,,,,,,,
00-58-р,00-0037,2019-12-4,Дрогобицька міська рада,58-р,2019-12-4,КП “Управитель ЖЕО”,20790524,Україна,Львівська,Дрогобич,вул.Бориславська,біля музичного коледжу,49.34937,23.50507,Верба,10,10,0,10.10.2019,2019,Дозволено розпорядженням міського голови,,,,,,,,,,,,,,,,,,,,,,,,,,,,,,,,,,,,,,,,,,,,,,,,,,,,,,,,,,,,,,,,,,,,,,,,,,,,,,,,,,,,,,,,,,,,,,,,,,,,,,,,,,,,,,,,,,,,,,,,,,,,,,,,,,,,,,,,,,,,,,,,,,,,,,,,,,,,,,,,,,,,,,,,,,,,,,,,,,,,,,,,,,,,,,,,,,,,,,,,,,,,,,,,,,,,,,,,,,,,,,,,,,,,,,,,,,
00-58-р,00-0038,2019-12-4,Дрогобицька міська рада,58-р,2019-12-4,КП “Управитель ЖЕО”,20790524,Україна,Львівська,Дрогобич,вул.Козловського.11,null,49.34220,23.51118,Черешня,1,1,0,10.10.2019,2019,Дозволено розпорядженням міського голови,,,,,,,,,,,,,,,,,,,,,,,,,,,,,,,,,,,,,,,,,,,,,,,,,,,,,,,,,,,,,,,,,,,,,,,,,,,,,,,,,,,,,,,,,,,,,,,,,,,,,,,,,,,,,,,,,,,,,,,,,,,,,,,,,,,,,,,,,,,,,,,,,,,,,,,,,,,,,,,,,,,,,,,,,,,,,,,,,,,,,,,,,,,,,,,,,,,,,,,,,,,,,,,,,,,,,,,,,,,,,,,,,,,,,,,,,,
НС,00-0001,,Дрогобицька міська рада,,,КП “Управитель ЖЕО”,20790524,Україна,Львівська,Дрогобич,вул. Зварицька. 9,null,49.35033,23.49653,Верба,1,1,0,10.01.2020,2020,НС,,,,,,,,,,,,,,,,,,,,,,,,,,,,,,,,,,,,,,,,,,,,,,,,,,,,,,,,,,,,,,,,,,,,,,,,,,,,,,,,,,,,,,,,,,,,,,,,,,,,,,,,,,,,,,,,,,,,,,,,,,,,,,,,,,,,,,,,,,,,,,,,,,,,,,,,,,,,,,,,,,,,,,,,,,,,,,,,,,,,,,,,,,,,,,,,,,,,,,,,,,,,,,,,,,,,,,,,,,,,,,,,,,,,,,,,,,
НС,00-0002,,Дрогобицька міська рада,,,КП “Управитель ЖЕО”,20790524,Україна,Львівська,Дрогобич,вул. В.Великого.92,null,49.35601,23.54025,Яблуня,1,1,0,11.01.2020,2020,НС,,,,,,,,,,,,,,,,,,,,,,,,,,,,,,,,,,,,,,,,,,,,,,,,,,,,,,,,,,,,,,,,,,,,,,,,,,,,,,,,,,,,,,,,,,,,,,,,,,,,,,,,,,,,,,,,,,,,,,,,,,,,,,,,,,,,,,,,,,,,,,,,,,,,,,,,,,,,,,,,,,,,,,,,,,,,,,,,,,,,,,,,,,,,,,,,,,,,,,,,,,,,,,,,,,,,,,,,,,,,,,,,,,,,,,,,,,
229-р,00-0003,2020-4-3,Дрогобицька міська рада,229-р,,КП “Управитель ЖЕО”,20790524,Україна,Львівська,Дрогобич,вул. Стрийська. 11-27,null,49.35139,23.51390,Каштан,15,15,0,03.04.1900,2020,Дозволено розпорядженням міського голови,,,,,,,,,,,,,,,,,,,,,,,,,,,,,,,,,,,,,,,,,,,,,,,,,,,,,,,,,,,,,,,,,,,,,,,,,,,,,,,,,,,,,,,,,,,,,,,,,,,,,,,,,,,,,,,,,,,,,,,,,,,,,,,,,,,,,,,,,,,,,,,,,,,,,,,,,,,,,,,,,,,,,,,,,,,,,,,,,,,,,,,,,,,,,,,,,,,,,,,,,,,,,,,,,,,,,,,,,,,,,,,,,,,,,,,,,,
229-р,00-0005,2020-4-3,Дрогобицька міська рада,229-р,,КП “Управитель ЖЕО”,20790524,Україна,Львівська,Дрогобич,вул. В.Великого. 2,null,49.35748,23.51132,Тополя,1,1,0,03.04.2020,2020,Дозволено розпорядженням міського голови,,,,,,,,,,,,,,,,,,,,,,,,,,,,,,,,,,,,,,,,,,,,,,,,,,,,,,,,,,,,,,,,,,,,,,,,,,,,,,,,,,,,,,,,,,,,,,,,,,,,,,,,,,,,,,,,,,,,,,,,,,,,,,,,,,,,,,,,,,,,,,,,,,,,,,,,,,,,,,,,,,,,,,,,,,,,,,,,,,,,,,,,,,,,,,,,,,,,,,,,,,,,,,,,,,,,,,,,,,,,,,,,,,,,,,,,,,
664-р,00-0006,2019-12-4,Дрогобицька міська рада,664-р,,КП “Управитель ЖЕО”,20790524,Україна,Львівська,Дрогобич,вул. П.Орлика. 14,null,49.35564,23.51302,Вишня,2,2,0,12.04.2020,2020,Дозволено розпорядженням міського голови,,,,,,,,,,,,,,,,,,,,,,,,,,,,,,,,,,,,,,,,,,,,,,,,,,,,,,,,,,,,,,,,,,,,,,,,,,,,,,,,,,,,,,,,,,,,,,,,,,,,,,,,,,,,,,,,,,,,,,,,,,,,,,,,,,,,,,,,,,,,,,,,,,,,,,,,,,,,,,,,,,,,,,,,,,,,,,,,,,,,,,,,,,,,,,,,,,,,,,,,,,,,,,,,,,,,,,,,,,,,,,,,,,,,,,,,,,
229-р,00-0007,2020-4-3,Дрогобицька міська рада,229-р,,КП “Управитель ЖЕО”,20790524,Україна,Львівська,Дрогобич,вул. Шашкевича,null,49.34759,23.50440,яблуня,1,1,0,15.04.2020,2020,Дозволено розпорядженням міського голови,,,,,,,,,,,,,,,,,,,,,,,,,,,,,,,,,,,,,,,,,,,,,,,,,,,,,,,,,,,,,,,,,,,,,,,,,,,,,,,,,,,,,,,,,,,,,,,,,,,,,,,,,,,,,,,,,,,,,,,,,,,,,,,,,,,,,,,,,,,,,,,,,,,,,,,,,,,,,,,,,,,,,,,,,,,,,,,,,,,,,,,,,,,,,,,,,,,,,,,,,,,,,,,,,,,,,,,,,,,,,,,,,,,,,,,,,,
540-р,00-0008,2020-9-22,Дрогобицька міська рада,540-р,,КП “Управитель ЖЕО”,20790524,Україна,Львівська,Дрогобич,вул. В.Великого.78,null,49.35625,23.53875,Черешня,2,2,0,10.07.2020,2020,Дозволено розпорядженням міського голови,,,,,,,,,,,,,,,,,,,,,,,,,,,,,,,,,,,,,,,,,,,,,,,,,,,,,,,,,,,,,,,,,,,,,,,,,,,,,,,,,,,,,,,,,,,,,,,,,,,,,,,,,,,,,,,,,,,,,,,,,,,,,,,,,,,,,,,,,,,,,,,,,,,,,,,,,,,,,,,,,,,,,,,,,,,,,,,,,,,,,,,,,,,,,,,,,,,,,,,,,,,,,,,,,,,,,,,,,,,,,,,,,,,,,,,,,,
327-р,00-0009,2020-6-3,Дрогобицька міська рада,327-р,,КП “Управитель ЖЕО”,20790524,Україна,Львівська,Дрогобич,вул. Стрийська. 103,null,49.35146,23.52176,Ясен,2,2,0,22.08.2020,2020,Дозволено розпорядженням міського голови,,,,,,,,,,,,,,,,,,,,,,,,,,,,,,,,,,,,,,,,,,,,,,,,,,,,,,,,,,,,,,,,,,,,,,,,,,,,,,,,,,,,,,,,,,,,,,,,,,,,,,,,,,,,,,,,,,,,,,,,,,,,,,,,,,,,,,,,,,,,,,,,,,,,,,,,,,,,,,,,,,,,,,,,,,,,,,,,,,,,,,,,,,,,,,,,,,,,,,,,,,,,,,,,,,,,,,,,,,,,,,,,,,,,,,,,,,
327-р,00-0010,2020-6-3,Дрогобицька міська рада,327-р,,КП “Управитель ЖЕО”,20790524,Україна,Львівська,Дрогобич,вул. Січових Стрільців. 8,null,49.35490,23.49743,Горіх/Яблуня,2,2,0,22.09.2020,2020,Дозволено розпорядженням міського голови,,,,,,,,,,,,,,,,,,,,,,,,,,,,,,,,,,,,,,,,,,,,,,,,,,,,,,,,,,,,,,,,,,,,,,,,,,,,,,,,,,,,,,,,,,,,,,,,,,,,,,,,,,,,,,,,,,,,,,,,,,,,,,,,,,,,,,,,,,,,,,,,,,,,,,,,,,,,,,,,,,,,,,,,,,,,,,,,,,,,,,,,,,,,,,,,,,,,,,,,,,,,,,,,,,,,,,,,,,,,,,,,,,,,,,,,,,
75-р,00-0011,2020-1-27,Дрогобицька міська рада,75-р,,КП “Управитель ЖЕО”,20790524,Україна,Львівська,Дрогобич,вул. Тарнавського. 48,null,49.35523,23.49212,Смерека,2,2,0,22.09.2020,2020,Дозволено розпорядженням міського голови,,,,,,,,,,,,,,,,,,,,,,,,,,,,,,,,,,,,,,,,,,,,,,,,,,,,,,,,,,,,,,,,,,,,,,,,,,,,,,,,,,,,,,,,,,,,,,,,,,,,,,,,,,,,,,,,,,,,,,,,,,,,,,,,,,,,,,,,,,,,,,,,,,,,,,,,,,,,,,,,,,,,,,,,,,,,,,,,,,,,,,,,,,,,,,,,,,,,,,,,,,,,,,,,,,,,,,,,,,,,,,,,,,,,,,,,,,
627-р,00-0012,2020-11-4,Дрогобицька міська рада,627-р,,КП “Управитель ЖЕО”,20790524,Україна,Львівська,Дрогобич,вул. Княгині Ольги. 1,null,49.35607,23.51468,Горіх,2,2,0,22.09.2020,2020,Дозволено розпорядженням міського голови,,,,,,,,,,,,,,,,,,,,,,,,,,,,,,,,,,,,,,,,,,,,,,,,,,,,,,,,,,,,,,,,,,,,,,,,,,,,,,,,,,,,,,,,,,,,,,,,,,,,,,,,,,,,,,,,,,,,,,,,,,,,,,,,,,,,,,,,,,,,,,,,,,,,,,,,,,,,,,,,,,,,,,,,,,,,,,,,,,,,,,,,,,,,,,,,,,,,,,,,,,,,,,,,,,,,,,,,,,,,,,,,,,,,,,,,,,
75-р,00-0013,2020-1-27,Дрогобицька міська рада,627-р,,"КП ""СМУ"" ДМР",43032947,Україна,Львівська,Дрогобич,вул. Грушевського. 68.70,null,49.35333,23.52874,Черешня/Клен/Ясен,3,3,0,27.01.2020,2020,Дозволено розпорядженням міського голови,,,,,,,,,,,,,,,,,,,,,,,,,,,,,,,,,,,,,,,,,,,,,,,,,,,,,,,,,,,,,,,,,,,,,,,,,,,,,,,,,,,,,,,,,,,,,,,,,,,,,,,,,,,,,,,,,,,,,,,,,,,,,,,,,,,,,,,,,,,,,,,,,,,,,,,,,,,,,,,,,,,,,,,,,,,,,,,,,,,,,,,,,,,,,,,,,,,,,,,,,,,,,,,,,,,,,,,,,,,,,,,,,,,,,,,,,,
НС,00-0014,,Дрогобицька міська рада,,,"КП ""СМУ"" ДМР",43032947,Україна,Львівська,Дрогобич,вул. В. Великого,null,49.35590,23.52496,Ясен,1,1,0,27.03.2020,2020,НС,,,,,,,,,,,,,,,,,,,,,,,,,,,,,,,,,,,,,,,,,,,,,,,,,,,,,,,,,,,,,,,,,,,,,,,,,,,,,,,,,,,,,,,,,,,,,,,,,,,,,,,,,,,,,,,,,,,,,,,,,,,,,,,,,,,,,,,,,,,,,,,,,,,,,,,,,,,,,,,,,,,,,,,,,,,,,,,,,,,,,,,,,,,,,,,,,,,,,,,,,,,,,,,,,,,,,,,,,,,,,,,,,,,,,,,,,,
НС,00-0015,,Дрогобицька міська рада,,,"КП ""СМУ"" ДМР",43032947,Україна,Львівська,Дрогобич,вул. Зварицька. 9,null,49.35032,23.49672,Клен,1,1,0,27.03.2020,2020,НС,,,,,,,,,,,,,,,,,,,,,,,,,,,,,,,,,,,,,,,,,,,,,,,,,,,,,,,,,,,,,,,,,,,,,,,,,,,,,,,,,,,,,,,,,,,,,,,,,,,,,,,,,,,,,,,,,,,,,,,,,,,,,,,,,,,,,,,,,,,,,,,,,,,,,,,,,,,,,,,,,,,,,,,,,,,,,,,,,,,,,,,,,,,,,,,,,,,,,,,,,,,,,,,,,,,,,,,,,,,,,,,,,,,,,,,,,,
НС,00-0016,,Дрогобицька міська рада,,,"КП ""СМУ"" ДМР",43032947,Україна,Львівська,Дрогобич,вул. Коновальця. 16,null,49.35967,23.53391,Тополя,1,1,0,27.03.2020,2020,НС,,,,,,,,,,,,,,,,,,,,,,,,,,,,,,,,,,,,,,,,,,,,,,,,,,,,,,,,,,,,,,,,,,,,,,,,,,,,,,,,,,,,,,,,,,,,,,,,,,,,,,,,,,,,,,,,,,,,,,,,,,,,,,,,,,,,,,,,,,,,,,,,,,,,,,,,,,,,,,,,,,,,,,,,,,,,,,,,,,,,,,,,,,,,,,,,,,,,,,,,,,,,,,,,,,,,,,,,,,,,,,,,,,,,,,,,,,
294-р,00-0017,2020-4-15,Дрогобицька міська рада,294-р,,"КП ""СМУ"" ДМР",43032947,Україна,Львівська,Дрогобич,вул. Грушевського.13,null,49.35409,23.51720,Липа,3,3,0,27.01.2020,2020,Дозволено розпорядженням міського голови,,,,,,,,,,,,,,,,,,,,,,,,,,,,,,,,,,,,,,,,,,,,,,,,,,,,,,,,,,,,,,,,,,,,,,,,,,,,,,,,,,,,,,,,,,,,,,,,,,,,,,,,,,,,,,,,,,,,,,,,,,,,,,,,,,,,,,,,,,,,,,,,,,,,,,,,,,,,,,,,,,,,,,,,,,,,,,,,,,,,,,,,,,,,,,,,,,,,,,,,,,,,,,,,,,,,,,,,,,,,,,,,,,,,,,,,,,
327-р,00-0018,2020-6-3,Дрогобицька міська рада,327-р,,"КП ""СМУ"" ДМР",43032947,Україна,Львівська,Дрогобич,вул. Шевченка.31,null,49.35379,23.49892,Каштан,1,1,0,27.01.2020,2020,Дозволено розпорядженням міського голови,,,,,,,,,,,,,,,,,,,,,,,,,,,,,,,,,,,,,,,,,,,,,,,,,,,,,,,,,,,,,,,,,,,,,,,,,,,,,,,,,,,,,,,,,,,,,,,,,,,,,,,,,,,,,,,,,,,,,,,,,,,,,,,,,,,,,,,,,,,,,,,,,,,,,,,,,,,,,,,,,,,,,,,,,,,,,,,,,,,,,,,,,,,,,,,,,,,,,,,,,,,,,,,,,,,,,,,,,,,,,,,,,,,,,,,,,,
327-р,00-0019,2020-6-3,Дрогобицька міська рада,327-р,,"КП ""СМУ"" ДМР",43032947,Україна,Львівська,Дрогобич,вул. Шевченка.12,null,49.35291,23.50375,Каштан,1,1,0,27.01.2020,2020,Дозволено розпорядженням міського голови,,,,,,,,,,,,,,,,,,,,,,,,,,,,,,,,,,,,,,,,,,,,,,,,,,,,,,,,,,,,,,,,,,,,,,,,,,,,,,,,,,,,,,,,,,,,,,,,,,,,,,,,,,,,,,,,,,,,,,,,,,,,,,,,,,,,,,,,,,,,,,,,,,,,,,,,,,,,,,,,,,,,,,,,,,,,,,,,,,,,,,,,,,,,,,,,,,,,,,,,,,,,,,,,,,,,,,,,,,,,,,,,,,,,,,,,,,
НС,00-0020,,Дрогобицька міська рада,,,"КП ""СМУ"" ДМР",43032947,Україна,Львівська,Дрогобич,вул. Самбірська. 102,null,49.36344,23.49369,Липа,1,1,0,27.03.2020,2020,НС,,,,,,,,,,,,,,,,,,,,,,,,,,,,,,,,,,,,,,,,,,,,,,,,,,,,,,,,,,,,,,,,,,,,,,,,,,,,,,,,,,,,,,,,,,,,,,,,,,,,,,,,,,,,,,,,,,,,,,,,,,,,,,,,,,,,,,,,,,,,,,,,,,,,,,,,,,,,,,,,,,,,,,,,,,,,,,,,,,,,,,,,,,,,,,,,,,,,,,,,,,,,,,,,,,,,,,,,,,,,,,,,,,,,,,,,,,
НС,00-0021,,Дрогобицька міська рада,,,"КП ""СМУ"" ДМР",43032947,Україна,Львівська,Дрогобич,вул. Б. Хмельницького. 49,null,49.34564,23.52620,Липа,1,1,0,27.03.2020,2020,НС,,,,,,,,,,,,,,,,,,,,,,,,,,,,,,,,,,,,,,,,,,,,,,,,,,,,,,,,,,,,,,,,,,,,,,,,,,,,,,,,,,,,,,,,,,,,,,,,,,,,,,,,,,,,,,,,,,,,,,,,,,,,,,,,,,,,,,,,,,,,,,,,,,,,,,,,,,,,,,,,,,,,,,,,,,,,,,,,,,,,,,,,,,,,,,,,,,,,,,,,,,,,,,,,,,,,,,,,,,,,,,,,,,,,,,,,,,
492-р,00-0022,2020-9-1,Дрогобицька міська рада,492-р,,"КП ""СМУ"" ДМР",43032947,Україна,Львівська,Дрогобич,вул. Л. Українки. 8/1,null,49.35279,23.51049,Ясен,1,1,0,27.01.2020,2020,Дозволено розпорядженням міського голови,,,,,,,,,,,,,,,,,,,,,,,,,,,,,,,,,,,,,,,,,,,,,,,,,,,,,,,,,,,,,,,,,,,,,,,,,,,,,,,,,,,,,,,,,,,,,,,,,,,,,,,,,,,,,,,,,,,,,,,,,,,,,,,,,,,,,,,,,,,,,,,,,,,,,,,,,,,,,,,,,,,,,,,,,,,,,,,,,,,,,,,,,,,,,,,,,,,,,,,,,,,,,,,,,,,,,,,,,,,,,,,,,,,,,,,,,,
492-р,00-0023,2020-9-1,Дрогобицька міська рада,492-р,,"КП ""СМУ"" ДМР",43032947,Україна,Львівська,Дрогобич,вул. Грушевського. 1,null,49.35469,23.51281,Ясен,1,1,0,27.01.2020,2020,Дозволено розпорядженням міського голови,,,,,,,,,,,,,,,,,,,,,,,,,,,,,,,,,,,,,,,,,,,,,,,,,,,,,,,,,,,,,,,,,,,,,,,,,,,,,,,,,,,,,,,,,,,,,,,,,,,,,,,,,,,,,,,,,,,,,,,,,,,,,,,,,,,,,,,,,,,,,,,,,,,,,,,,,,,,,,,,,,,,,,,,,,,,,,,,,,,,,,,,,,,,,,,,,,,,,,,,,,,,,,,,,,,,,,,,,,,,,,,,,,,,,,,,,,
627-р,00-0024,2020-11-4,Дрогобицька міська рада,627-р,,"КП ""СМУ"" ДМР",43032947,Україна,Львівська,Дрогобич,вул. Горішня Брама. 26,null,49.34790,23.49407,Дуб,1,1,0,27.01.2020,2020,Дозволено розпорядженням міського голови,,,,,,,,,,,,,,,,,,,,,,,,,,,,,,,,,,,,,,,,,,,,,,,,,,,,,,,,,,,,,,,,,,,,,,,,,,,,,,,,,,,,,,,,,,,,,,,,,,,,,,,,,,,,,,,,,,,,,,,,,,,,,,,,,,,,,,,,,,,,,,,,,,,,,,,,,,,,,,,,,,,,,,,,,,,,,,,,,,,,,,,,,,,,,,,,,,,,,,,,,,,,,,,,,,,,,,,,,,,,,,,,,,,,,,,,,,
605-р,00-0024,2020-10-20,Дрогобицька міська рада,605-р,,"КП ""СМУ"" ДМР",43032947,Україна,Львівська,Дрогобич,вул. Котляревського. 33,null,49.34130,23.51772,Каштан,1,1,0,27.01.2020,2020,Дозволено розпорядженням міського голови,,,,,,,,,,,,,,,,,,,,,,,,,,,,,,,,,,,,,,,,,,,,,,,,,,,,,,,,,,,,,,,,,,,,,,,,,,,,,,,,,,,,,,,,,,,,,,,,,,,,,,,,,,,,,,,,,,,,,,,,,,,,,,,,,,,,,,,,,,,,,,,,,,,,,,,,,,,,,,,,,,,,,,,,,,,,,,,,,,,,,,,,,,,,,,,,,,,,,,,,,,,,,,,,,,,,,,,,,,,,,,,,,,,,,,,,,,
00-205,00-0001,23.10.2020,Департамент міського господарства,205,23.10.2020,"КП ""Служба муніципального управління""",43032947,Україна,Львівська,Дрогобич,вул. Т. Шевченка,"навпроти маг. ""Ромашка""",49.35307,23.50321,каштан,1,1,0,04.02.2021,2021,дерево видалено,,,,,,,,,,,,,,,,,,,,,,,,,,,,,,,,,,,,,,,,,,,,,,,,,,,,,,,,,,,,,,,,,,,,,,,,,,,,,,,,,,,,,,,,,,,,,,,,,,,,,,,,,,,,,,,,,,,,,,,,,,,,,,,,,,,,,,,,,,,,,,,,,,,,,,,,,,,,,,,,,,,,,,,,,,,,,,,,,,,,,,,,,,,,,,,,,,,,,,,,,,,,,,,,,,,,,,,,,,,,,,,,,,,,,,,,,,
00-243,00-0005,23.12.2020,Департамент міського господарства,243,23.12.2020,"КП ""Служба муніципального управління""",43032951,Україна,Львівська,Дрогобич,вул. Трускавецька. 42,null,49.34739,23.50741,акація,1,1,0,2020,2020,дерево видалено,,,,,,,,,,,,,,,,,,,,,,,,,,,,,,,,,,,,,,,,,,,,,,,,,,,,,,,,,,,,,,,,,,,,,,,,,,,,,,,,,,,,,,,,,,,,,,,,,,,,,,,,,,,,,,,,,,,,,,,,,,,,,,,,,,,,,,,,,,,,,,,,,,,,,,,,,,,,,,,,,,,,,,,,,,,,,,,,,,,,,,,,,,,,,,,,,,,,,,,,,,,,,,,,,,,,,,,,,,,,,,,,,,,,,,,,,,
00-014,00-0005,02.02.2021,Департамент міського господарства,14,02.02.2021,"КП ""Служба муніципального управління""",43032951,Україна,Львівська,Дрогобич,вул. Мазепи.22,null,49.35182,23.51092,горіх,1,1,0,26.02.2021,2021,видалення дерева,,,,,,,,,,,,,,,,,,,,,,,,,,,,,,,,,,,,,,,,,,,,,,,,,,,,,,,,,,,,,,,,,,,,,,,,,,,,,,,,,,,,,,,,,,,,,,,,,,,,,,,,,,,,,,,,,,,,,,,,,,,,,,,,,,,,,,,,,,,,,,,,,,,,,,,,,,,,,,,,,,,,,,,,,,,,,,,,,,,,,,,,,,,,,,,,,,,,,,,,,,,,,,,,,,,,,,,,,,,,,,,,,,,,,,,,,,
00-014,00-0006,02.02.2021,Департамент міського господарства,14,02.02.2021,"КП ""Служба муніципального управління""",43032951,Україна,Львівська,Дрогобич,вул. Нафтовиків.17,null,49.34526,23.49204,ялиця,1,1,0,23.02.2021,2021,видалення дерева,,,,,,,,,,,,,,,,,,,,,,,,,,,,,,,,,,,,,,,,,,,,,,,,,,,,,,,,,,,,,,,,,,,,,,,,,,,,,,,,,,,,,,,,,,,,,,,,,,,,,,,,,,,,,,,,,,,,,,,,,,,,,,,,,,,,,,,,,,,,,,,,,,,,,,,,,,,,,,,,,,,,,,,,,,,,,,,,,,,,,,,,,,,,,,,,,,,,,,,,,,,,,,,,,,,,,,,,,,,,,,,,,,,,,,,,,,
00-243,00-0004,23.12.2020,Департамент міського господарства,243,23.12.2020,"КП ""Служба муніципального управління""",43032951,Україна,Львівська,Дрогобич,вул. Зварицька.1,null,49.35027,23.49924,верба,1,1,0,24.02.2021,2021,видалення дерева,,,,,,,,,,,,,,,,,,,,,,,,,,,,,,,,,,,,,,,,,,,,,,,,,,,,,,,,,,,,,,,,,,,,,,,,,,,,,,,,,,,,,,,,,,,,,,,,,,,,,,,,,,,,,,,,,,,,,,,,,,,,,,,,,,,,,,,,,,,,,,,,,,,,,,,,,,,,,,,,,,,,,,,,,,,,,,,,,,,,,,,,,,,,,,,,,,,,,,,,,,,,,,,,,,,,,,,,,,,,,,,,,,,,,,,,,,
00-021,00-0042,25.02.2021,Департамент міського господарства,21,25.02.2021,"КП ""Служба муніципального управління""",43032951,Україна,Львівська,Дрогобич,вул. Л. Українки. 70,прокуратура,49.35632,23.50219,ясень,1,1,0,05.03.2021,2021,видалення дерева,,,,,,,,,,,,,,,,,,,,,,,,,,,,,,,,,,,,,,,,,,,,,,,,,,,,,,,,,,,,,,,,,,,,,,,,,,,,,,,,,,,,,,,,,,,,,,,,,,,,,,,,,,,,,,,,,,,,,,,,,,,,,,,,,,,,,,,,,,,,,,,,,,,,,,,,,,,,,,,,,,,,,,,,,,,,,,,,,,,,,,,,,,,,,,,,,,,,,,,,,,,,,,,,,,,,,,,,,,,,,,,,,,,,,,,,,,
00-021,00-0042,25.02.2021,Департамент міського господарства,21,25.02.2021,"КП ""Служба муніципального управління""",43032951,Україна,Львівська,Дрогобич,вул. Л. Українки. 70,прокуратура,49.35636,23.50221,ясень,1,1,0,05.03.2021,2021,видалення дерева,,,,,,,,,,,,,,,,,,,,,,,,,,,,,,,,,,,,,,,,,,,,,,,,,,,,,,,,,,,,,,,,,,,,,,,,,,,,,,,,,,,,,,,,,,,,,,,,,,,,,,,,,,,,,,,,,,,,,,,,,,,,,,,,,,,,,,,,,,,,,,,,,,,,,,,,,,,,,,,,,,,,,,,,,,,,,,,,,,,,,,,,,,,,,,,,,,,,,,,,,,,,,,,,,,,,,,,,,,,,,,,,,,,,,,,,,,
00-027,00-0043,17.03.2021,Департамент міського господарства,27,17.03.2021,"КП ""Служба муніципального управління""",43032951,Україна,Львівська,Дрогобич,вул. Самбірська.94,null,49.36433,23.49137,горіх,1,1,0,22.03.2021,2021,видалення дерева,,,,,,,,,,,,,,,,,,,,,,,,,,,,,,,,,,,,,,,,,,,,,,,,,,,,,,,,,,,,,,,,,,,,,,,,,,,,,,,,,,,,,,,,,,,,,,,,,,,,,,,,,,,,,,,,,,,,,,,,,,,,,,,,,,,,,,,,,,,,,,,,,,,,,,,,,,,,,,,,,,,,,,,,,,,,,,,,,,,,,,,,,,,,,,,,,,,,,,,,,,,,,,,,,,,,,,,,,,,,,,,,,,,,,,,,,,
00-029,00-0044,22.03.2021,Департамент міського господарства,29,22.03.2021,"КП ""Служба муніципального управління""",43032951,Україна,Львівська,Дрогобич,вул. Січових Стрільців.31,null,49.35086,23.49784,ясень,1,1,0,30.03.2021,2021,видалення дерева,,,,,,,,,,,,,,,,,,,,,,,,,,,,,,,,,,,,,,,,,,,,,,,,,,,,,,,,,,,,,,,,,,,,,,,,,,,,,,,,,,,,,,,,,,,,,,,,,,,,,,,,,,,,,,,,,,,,,,,,,,,,,,,,,,,,,,,,,,,,,,,,,,,,,,,,,,,,,,,,,,,,,,,,,,,,,,,,,,,,,,,,,,,,,,,,,,,,,,,,,,,,,,,,,,,,,,,,,,,,,,,,,,,,,,,,,,
00-029,00-0045,22.03.2021,Департамент міського господарства,29,22.03.2021,"КП ""Служба муніципального управління""",43032951,Україна,Львівська,Дрогобич,вул. П. Орлика 7/2. 7/3,null,49.35631,23.51234,липа,1,1,0,24.03.2021,2021,видалення дерева,,,,,,,,,,,,,,,,,,,,,,,,,,,,,,,,,,,,,,,,,,,,,,,,,,,,,,,,,,,,,,,,,,,,,,,,,,,,,,,,,,,,,,,,,,,,,,,,,,,,,,,,,,,,,,,,,,,,,,,,,,,,,,,,,,,,,,,,,,,,,,,,,,,,,,,,,,,,,,,,,,,,,,,,,,,,,,,,,,,,,,,,,,,,,,,,,,,,,,,,,,,,,,,,,,,,,,,,,,,,,,,,,,,,,,,,,,
00-029,00-0046,22.03.2021,Департамент міського господарства,29,22.03.2021,"КП ""Служба муніципального управління""",43032951,Україна,Львівська,Дрогобич,вул. І. Франка- Нижанківського,null,49.35403,23.50461,акація,1,1,0,01.04.2021,2021,видалення дерева,,,,,,,,,,,,,,,,,,,,,,,,,,,,,,,,,,,,,,,,,,,,,,,,,,,,,,,,,,,,,,,,,,,,,,,,,,,,,,,,,,,,,,,,,,,,,,,,,,,,,,,,,,,,,,,,,,,,,,,,,,,,,,,,,,,,,,,,,,,,,,,,,,,,,,,,,,,,,,,,,,,,,,,,,,,,,,,,,,,,,,,,,,,,,,,,,,,,,,,,,,,,,,,,,,,,,,,,,,,,,,,,,,,,,,,,,,
00-029,00-0047,22.03.2021,Департамент міського господарства,29,22.03.2021,"КП ""Служба муніципального управління""",43032951,Україна,Львівська,Дрогобич,вул. Самбірська. 82,null,49.36225,23.48996,липа,1,1,0,22.03.2021,2021,видалення дерева,,,,,,,,,,,,,,,,,,,,,,,,,,,,,,,,,,,,,,,,,,,,,,,,,,,,,,,,,,,,,,,,,,,,,,,,,,,,,,,,,,,,,,,,,,,,,,,,,,,,,,,,,,,,,,,,,,,,,,,,,,,,,,,,,,,,,,,,,,,,,,,,,,,,,,,,,,,,,,,,,,,,,,,,,,,,,,,,,,,,,,,,,,,,,,,,,,,,,,,,,,,,,,,,,,,,,,,,,,,,,,,,,,,,,,,,,,
00-029,00-0048,22.03.2021,Департамент міського господарства,29,22.03.2021,"КП ""Служба муніципального управління""",43032951,Україна,Львівська,Дрогобич,вул. Самбірська. 82,null,49.36220,23.49004,груша,1,1,0,22.03.2021,2021,видалення дерева,,,,,,,,,,,,,,,,,,,,,,,,,,,,,,,,,,,,,,,,,,,,,,,,,,,,,,,,,,,,,,,,,,,,,,,,,,,,,,,,,,,,,,,,,,,,,,,,,,,,,,,,,,,,,,,,,,,,,,,,,,,,,,,,,,,,,,,,,,,,,,,,,,,,,,,,,,,,,,,,,,,,,,,,,,,,,,,,,,,,,,,,,,,,,,,,,,,,,,,,,,,,,,,,,,,,,,,,,,,,,,,,,,,,,,,,,,
00-040,00-0069,26.03.2021,Департамент міського господарства,43,26.03.2021,"КП ""Служба муніципального управління""",43032951,Україна,Львівська,Дрогобич,вул. Січ. Стрільців. 34,null,49.35199,23.49796,каштан,1,1,0,31.03.2021,2021,видалення дерева,,,,,,,,,,,,,,,,,,,,,,,,,,,,,,,,,,,,,,,,,,,,,,,,,,,,,,,,,,,,,,,,,,,,,,,,,,,,,,,,,,,,,,,,,,,,,,,,,,,,,,,,,,,,,,,,,,,,,,,,,,,,,,,,,,,,,,,,,,,,,,,,,,,,,,,,,,,,,,,,,,,,,,,,,,,,,,,,,,,,,,,,,,,,,,,,,,,,,,,,,,,,,,,,,,,,,,,,,,,,,,,,,,,,,,,,,,
00-040,00-0070,26.03.2021,Департамент міського господарства,43,26.03.2021,"КП ""Служба муніципального управління""",43032951,Україна,Львівська,Дрогобич,вул. Сахарова,біля ДЮСША,49.35047,23.51517,каштан,1,1,0,24.03.2021,2021,видалення дерева,,,,,,,,,,,,,,,,,,,,,,,,,,,,,,,,,,,,,,,,,,,,,,,,,,,,,,,,,,,,,,,,,,,,,,,,,,,,,,,,,,,,,,,,,,,,,,,,,,,,,,,,,,,,,,,,,,,,,,,,,,,,,,,,,,,,,,,,,,,,,,,,,,,,,,,,,,,,,,,,,,,,,,,,,,,,,,,,,,,,,,,,,,,,,,,,,,,,,,,,,,,,,,,,,,,,,,,,,,,,,,,,,,,,,,,,,,
00-040,00-0070,26.03.2021,Департамент міського господарства,43,26.03.2021,"КП ""Служба муніципального управління""",43032951,Україна,Львівська,Дрогобич,вул. Сахарова,біля ДЮСША,49.35044,23.51521,каштан,1,1,0,24.03.2021,2021,видалення дерева,,,,,,,,,,,,,,,,,,,,,,,,,,,,,,,,,,,,,,,,,,,,,,,,,,,,,,,,,,,,,,,,,,,,,,,,,,,,,,,,,,,,,,,,,,,,,,,,,,,,,,,,,,,,,,,,,,,,,,,,,,,,,,,,,,,,,,,,,,,,,,,,,,,,,,,,,,,,,,,,,,,,,,,,,,,,,,,,,,,,,,,,,,,,,,,,,,,,,,,,,,,,,,,,,,,,,,,,,,,,,,,,,,,,,,,,,,
00-040,00-0070,26.03.2021,Департамент міського господарства,43,26.03.2021,"КП ""Служба муніципального управління""",43032951,Україна,Львівська,Дрогобич,вул. Сахарова,біля ДЮСША,49.35041,23.51524,каштан,1,1,0,24.03.2021,2021,видалення дерева,,,,,,,,,,,,,,,,,,,,,,,,,,,,,,,,,,,,,,,,,,,,,,,,,,,,,,,,,,,,,,,,,,,,,,,,,,,,,,,,,,,,,,,,,,,,,,,,,,,,,,,,,,,,,,,,,,,,,,,,,,,,,,,,,,,,,,,,,,,,,,,,,,,,,,,,,,,,,,,,,,,,,,,,,,,,,,,,,,,,,,,,,,,,,,,,,,,,,,,,,,,,,,,,,,,,,,,,,,,,,,,,,,,,,,,,,,
00-040,00-0070,26.03.2021,Департамент міського господарства,43,26.03.2021,"КП ""Служба муніципального управління""",43032951,Україна,Львівська,Дрогобич,вул. Сахарова,біля ДЮСША,49.35037,23.51526,каштан,1,1,0,24.03.2021,2021,видалення дерева,,,,,,,,,,,,,,,,,,,,,,,,,,,,,,,,,,,,,,,,,,,,,,,,,,,,,,,,,,,,,,,,,,,,,,,,,,,,,,,,,,,,,,,,,,,,,,,,,,,,,,,,,,,,,,,,,,,,,,,,,,,,,,,,,,,,,,,,,,,,,,,,,,,,,,,,,,,,,,,,,,,,,,,,,,,,,,,,,,,,,,,,,,,,,,,,,,,,,,,,,,,,,,,,,,,,,,,,,,,,,,,,,,,,,,,,,,
00-040,00-0070,26.03.2021,Департамент міського господарства,43,26.03.2021,"КП ""Служба муніципального управління""",43032951,Україна,Львівська,Дрогобич,вул. Сахарова,біля ДЮСША,49.35034,23.51529,каштан,1,1,0,24.03.2021,2021,видалення дерева,,,,,,,,,,,,,,,,,,,,,,,,,,,,,,,,,,,,,,,,,,,,,,,,,,,,,,,,,,,,,,,,,,,,,,,,,,,,,,,,,,,,,,,,,,,,,,,,,,,,,,,,,,,,,,,,,,,,,,,,,,,,,,,,,,,,,,,,,,,,,,,,,,,,,,,,,,,,,,,,,,,,,,,,,,,,,,,,,,,,,,,,,,,,,,,,,,,,,,,,,,,,,,,,,,,,,,,,,,,,,,,,,,,,,,,,,,
00-040,00-0070,26.03.2021,Департамент міського господарства,43,26.03.2021,"КП ""Служба муніципального управління""",43032951,Україна,Львівська,Дрогобич,вул. Сахарова,біля ДЮСША,49.35032,23.51533,каштан,1,1,0,24.03.2021,2021,видалення дерева,,,,,,,,,,,,,,,,,,,,,,,,,,,,,,,,,,,,,,,,,,,,,,,,,,,,,,,,,,,,,,,,,,,,,,,,,,,,,,,,,,,,,,,,,,,,,,,,,,,,,,,,,,,,,,,,,,,,,,,,,,,,,,,,,,,,,,,,,,,,,,,,,,,,,,,,,,,,,,,,,,,,,,,,,,,,,,,,,,,,,,,,,,,,,,,,,,,,,,,,,,,,,,,,,,,,,,,,,,,,,,,,,,,,,,,,,,
00-040,00-0070,26.03.2021,Департамент міського господарства,43,26.03.2021,"КП ""Служба муніципального управління""",43032951,Україна,Львівська,Дрогобич,вул. Сахарова,біля ДЮСША,49.35029,23.51535,каштан,1,1,0,24.03.2021,2021,видалення дерева,,,,,,,,,,,,,,,,,,,,,,,,,,,,,,,,,,,,,,,,,,,,,,,,,,,,,,,,,,,,,,,,,,,,,,,,,,,,,,,,,,,,,,,,,,,,,,,,,,,,,,,,,,,,,,,,,,,,,,,,,,,,,,,,,,,,,,,,,,,,,,,,,,,,,,,,,,,,,,,,,,,,,,,,,,,,,,,,,,,,,,,,,,,,,,,,,,,,,,,,,,,,,,,,,,,,,,,,,,,,,,,,,,,,,,,,,,
00-040,00-0071,26.03.2021,Департамент міського господарства,43,26.03.2021,"КП ""Служба муніципального управління""",43032951,Україна,Львівська,Дрогобич,вул. В. Великого.68,прибудинкова територія,49.36264,23.49161,алича,1,1,1,31.03.2021,2021,видалення дерева,,,,,,,,,,,,,,,,,,,,,,,,,,,,,,,,,,,,,,,,,,,,,,,,,,,,,,,,,,,,,,,,,,,,,,,,,,,,,,,,,,,,,,,,,,,,,,,,,,,,,,,,,,,,,,,,,,,,,,,,,,,,,,,,,,,,,,,,,,,,,,,,,,,,,,,,,,,,,,,,,,,,,,,,,,,,,,,,,,,,,,,,,,,,,,,,,,,,,,,,,,,,,,,,,,,,,,,,,,,,,,,,,,,,,,,,,,
00-040,00-0072,26.03.2021,Департамент міського господарства,43,26.03.2021,"КП ""Служба муніципального управління""",43032951,Україна,Львівська,Дрогобич,вул. В. Великого.68,прибудинкова територія,49.36264,23.49161,вишня,1,1,1,31.03.2021,2021,видалення дерева,,,,,,,,,,,,,,,,,,,,,,,,,,,,,,,,,,,,,,,,,,,,,,,,,,,,,,,,,,,,,,,,,,,,,,,,,,,,,,,,,,,,,,,,,,,,,,,,,,,,,,,,,,,,,,,,,,,,,,,,,,,,,,,,,,,,,,,,,,,,,,,,,,,,,,,,,,,,,,,,,,,,,,,,,,,,,,,,,,,,,,,,,,,,,,,,,,,,,,,,,,,,,,,,,,,,,,,,,,,,,,,,,,,,,,,,,,
00-341,00-0119,29.04.2021,Розпорядження міського голови,341,29.04.2021,"КП ""Служба муніципального управління""",43032951,Україна,Львівська,Дрогобич,вул. Музична. 3,,49.34922,23.50483,каштан,1,1,0,13.04.2021,2021,видалення дерева,,,,,,,,,,,,,,,,,,,,,,,,,,,,,,,,,,,,,,,,,,,,,,,,,,,,,,,,,,,,,,,,,,,,,,,,,,,,,,,,,,,,,,,,,,,,,,,,,,,,,,,,,,,,,,,,,,,,,,,,,,,,,,,,,,,,,,,,,,,,,,,,,,,,,,,,,,,,,,,,,,,,,,,,,,,,,,,,,,,,,,,,,,,,,,,,,,,,,,,,,,,,,,,,,,,,,,,,,,,,,,,,,,,,,,,,,,
